<?xml version="1.0" encoding="UTF-8"?>
<project-private xmlns="http://www.netbeans.org/ns/project-private/1">
    <editor-bookmarks xmlns="http://www.netbeans.org/ns/editor-bookmarks/2" lastBookmarkId="0"/>
    <open-files xmlns="http://www.netbeans.org/ns/projectui-open-files/2">
        <group>
            <file>file:/Applications/XAMPP/xamppfiles/htdocs/FreePass/application/controllers/Home.php</file>
            <file>file:/Applications/XAMPP/xamppfiles/htdocs/FreePass/application/views/rfid/home_admin.php</file>
            <file>file:/Applications/XAMPP/xamppfiles/htdocs/FreePass/application/views/rfid/cadastro.php</file>
            <file>file:/Applications/XAMPP/xamppfiles/htdocs/FreePass/application/controllers/Cadastro.php</file>
            <file>file:/Applications/XAMPP/xamppfiles/htdocs/FreePass/application/controllers/Admin.php</file>
        </group>
    </open-files>
</project-private>
